{
  "autonomous_last_action_at": 1781042197.1760433,
  "last_action_at": 1781042197.1760433,
  "schema_version": 1,
  "updated_at_utc": "2026-06-09T21:56:37+00:00"
}
